{
    "fluentMethods": true,
    "clientRootFolder": "",
    "relationships": [
        {
            "relationshipName": "user",
            "otherEntityName": "user",
            "relationshipType": "many-to-one",
            "relationshipValidateRules": [
                "required"
            ],
            "otherEntityField": "login",
            "ownerSide": true,
            "otherEntityRelationshipName": "bitacora",
            "otherEntityRelationshipNameUndefined": false
        }
    ],
    "fields": [
        {
            "fieldName": "fecha",
            "fieldType": "ZonedDateTime",
            "fieldValidateRules": [
                "required"
            ]
        },
        {
            "fieldName": "titulo",
            "fieldType": "String",
            "fieldValidateRules": [
                "required"
            ]
        },
        {
            "fieldName": "detalle",
            "fieldType": "String"
        },
        {
            "fieldName": "tipo",
            "fieldType": "Integer"
        }
    ],
    "changelogDate": "20201002164553",
    "dto": "no",
    "searchEngine": false,
    "service": "no",
    "entityTableName": "bitacora",
    "databaseType": "sql",
    "jpaMetamodelFiltering": false,
    "pagination": "pagination"
}
