{
    "fluentMethods": true,
    "clientRootFolder": "",
    "relationships": [
        {
            "relationshipName": "paciente",
            "otherEntityName": "user",
            "relationshipType": "many-to-one",
            "relationshipValidateRules": [
                "required"
            ],
            "otherEntityField": "login",
            "ownerSide": true,
            "otherEntityRelationshipName": "cita",
            "otherEntityRelationshipNameUndefined": false
        },
        {
            "relationshipName": "especialidadMedico",
            "otherEntityName": "especialidadMedico",
            "relationshipType": "many-to-one",
            "otherEntityField": "id",
            "otherEntityRelationshipName": "cita",
            "otherEntityRelationshipNameUndefined": false
        },
        {
            "relationshipName": "especialidad",
            "otherEntityName": "especialidad",
            "relationshipType": "many-to-one",
            "relationshipValidateRules": [
                "required"
            ],
            "otherEntityField": "especialidad",
            "otherEntityRelationshipName": "cita",
            "otherEntityRelationshipNameUndefined": false
        },
        {
            "relationshipName": "tipoConsulta",
            "otherEntityName": "tipoConsulta",
            "relationshipType": "many-to-one",
            "relationshipValidateRules": [
                "required"
            ],
            "otherEntityField": "nombre",
            "otherEntityRelationshipName": "cita",
            "otherEntityRelationshipNameUndefined": false
        },
        {
            "relationshipName": "estatusCita",
            "otherEntityName": "estatusCita",
            "relationshipType": "many-to-one",
            "otherEntityField": "nombre",
            "otherEntityRelationshipName": "cita",
            "otherEntityRelationshipNameUndefined": false
        }
    ],
    "fields": [
        {
            "fieldName": "fecha",
            "fieldType": "ZonedDateTime"
        },
        {
            "fieldName": "notas",
            "fieldType": "String"
        },
        {
            "fieldName": "pacienteNino",
            "fieldType": "Boolean"
        }
    ],
    "changelogDate": "20190508150838",
    "dto": "no",
    "searchEngine": false,
    "service": "no",
    "entityTableName": "cita",
    "databaseType": "sql",
    "jpaMetamodelFiltering": false,
    "pagination": "pagination"
}
