{
    "fluentMethods": true,
    "clientRootFolder": "",
    "relationships": [],
    "fields": [
        {
            "fieldName": "titulo",
            "fieldType": "String"
        },
        {
            "fieldName": "mensaje",
            "fieldType": "String"
        }
    ],
    "changelogDate": "20200608165311",
    "dto": "no",
    "searchEngine": false,
    "service": "no",
    "entityTableName": "email_cita",
    "databaseType": "sql",
    "jpaMetamodelFiltering": false,
    "pagination": "pagination"
}
