{
    "fluentMethods": true,
    "clientRootFolder": "",
    "relationships": [
        {
            "relationshipName": "medico",
            "otherEntityName": "user",
            "relationshipType": "many-to-one",
            "relationshipValidateRules": [
                "required"
            ],
            "otherEntityField": "login",
            "ownerSide": true,
            "otherEntityRelationshipName": "especialidadMedico",
            "otherEntityRelationshipNameUndefined": false
        },
        {
            "relationshipName": "especialidad",
            "otherEntityName": "especialidad",
            "relationshipType": "many-to-one",
            "relationshipValidateRules": [
                "required"
            ],
            "otherEntityField": "especialidad",
            "otherEntityRelationshipName": "especialidadMedico",
            "otherEntityRelationshipNameUndefined": true
        }
    ],
    "fields": [
        {
            "fieldName": "montoHora",
            "fieldType": "BigDecimal",
            "fieldValidateRules": [
                "required"
            ]
        },
        {
            "fieldName": "descripcion",
            "fieldType": "String"
        }
    ],
    "changelogDate": "20190508145546",
    "dto": "no",
    "searchEngine": "elasticsearch",
    "service": "no",
    "entityTableName": "especialidad_medico",
    "databaseType": "sql",
    "jpaMetamodelFiltering": false,
    "pagination": "pagination"
}
