{
    "fluentMethods": true,
    "clientRootFolder": "",
    "relationships": [
        {
            "relationshipName": "cita",
            "otherEntityName": "cita",
            "relationshipType": "many-to-one",
            "relationshipValidateRules": [
                "required"
            ],
            "otherEntityField": "id",
            "otherEntityRelationshipNameUndefined": false,
            "otherEntityRelationshipName": "evolucionPaciente"
        }
    ],
    "fields": [
        {
            "fieldName": "fecha",
            "fieldType": "ZonedDateTime"
        },
        {
            "fieldName": "peso",
            "fieldType": "String"
        },
        {
            "fieldName": "tAAcostada",
            "fieldType": "String"
        },
        {
            "fieldName": "tASentada",
            "fieldType": "String"
        },
        {
            "fieldName": "tAParada",
            "fieldType": "String"
        },
        {
            "fieldName": "talla",
            "fieldType": "String"
        },
        {
            "fieldName": "imc",
            "fieldType": "String"
        },
        {
            "fieldName": "firma",
            "fieldType": "String"
        },
        {
            "fieldName": "nuevosSintomas",
            "fieldType": "String"
        },
        {
            "fieldName": "lateralidadMano",
            "fieldType": "String"
        },
        {
            "fieldName": "lateralidadPierna",
            "fieldType": "String"
        },
        {
            "fieldName": "lateralidadOjo",
            "fieldType": "String"
        },
        {
            "fieldName": "lateralidadOido",
            "fieldType": "String"
        },
        {
            "fieldName": "examenPiel",
            "fieldType": "String"
        },
        {
            "fieldName": "examenCabeza",
            "fieldType": "String"
        },
        {
            "fieldName": "examenOjos",
            "fieldType": "String"
        },
        {
            "fieldName": "examenOrl",
            "fieldType": "String"
        },
        {
            "fieldName": "examenCuello",
            "fieldType": "String"
        },
        {
            "fieldName": "examenCardiovascular",
            "fieldType": "String"
        },
        {
            "fieldName": "examenPulmonar",
            "fieldType": "String"
        },
        {
            "fieldName": "examenAbdomen",
            "fieldType": "String"
        },
        {
            "fieldName": "examenGenitourinario",
            "fieldType": "String"
        },
        {
            "fieldName": "examenNeurologico",
            "fieldType": "String"
        },
        {
            "fieldName": "examenArticular",
            "fieldType": "String"
        },
        {
            "fieldName": "examenNeuromuscular",
            "fieldType": "String"
        },
        {
            "fieldName": "impresionesDiagnosticas",
            "fieldType": "String"
        },
        {
            "fieldName": "tratamiento",
            "fieldType": "String"
        },
        {
            "fieldName": "recomendaciones",
            "fieldType": "String"
        },
        {
            "fieldName": "proximaConsulta",
            "fieldType": "LocalDate"
        },
        {
            "fieldName": "frecuenciaCardiaca",
            "fieldType": "String"
        },
        {
            "fieldName": "frecuenciaRespiratoria",
            "fieldType": "String"
        },
        {
            "fieldName": "examenMental",
            "fieldType": "String"
        },
        {
            "fieldName": "informacionRelevante",
            "fieldType": "String"
        },
        {
            "fieldName": "recomendacionesGenerales",
            "fieldType": "String"
        },
        {
            "fieldName": "recipe",
            "fieldType": "String"
        },
        {
            "fieldName": "indicaciones",
            "fieldType": "String"
        }
    ],
    "changelogDate": "20200717080355",
    "dto": "no",
    "searchEngine": false,
    "service": "no",
    "entityTableName": "evolucion_paciente",
    "databaseType": "sql",
    "jpaMetamodelFiltering": false,
    "pagination": "pagination"
}
