{
    "fluentMethods": true,
    "clientRootFolder": "",
    "relationships": [
        {
            "relationshipName": "evolucionPaciente",
            "otherEntityName": "evolucionPaciente",
            "relationshipType": "many-to-one",
            "relationshipValidateRules": [
                "required"
            ],
            "otherEntityField": "id"
        }
    ],
    "fields": [
        {
            "fieldName": "descripcion",
            "fieldType": "String"
        },
        {
            "fieldName": "archivo",
            "fieldType": "byte[]",
            "fieldTypeBlobContent": "any",
            "fieldValidateRules": []
        }
    ],
    "changelogDate": "20200717081313",
    "dto": "no",
    "searchEngine": false,
    "service": "no",
    "entityTableName": "examen_complementario",
    "databaseType": "sql",
    "jpaMetamodelFiltering": false,
    "pagination": "pagination"
}
