{
    "fluentMethods": true,
    "clientRootFolder": "",
    "relationships": [],
    "fields": [
        {
            "fieldName": "fecha",
            "fieldType": "LocalDate",
            "fieldValidateRules": [
                "required"
            ]
        },
        {
            "fieldName": "descripcion",
            "fieldType": "String",
            "fieldValidateRules": [
                "required"
            ]
        },
        {
            "fieldName": "montoTotal",
            "fieldType": "Float",
            "fieldValidateRules": [
                "required"
            ]
        },
        {
            "fieldName": "detalles",
            "fieldType": "byte[]",
            "fieldTypeBlobContent": "text"
        }
    ],
    "changelogDate": "20230403180257",
    "dto": "no",
    "searchEngine": false,
    "service": "no",
    "entityTableName": "factura",
    "databaseType": "sql",
    "jpaMetamodelFiltering": false,
    "pagination": "pagination"
}
