{
    "fluentMethods": true,
    "clientRootFolder": "",
    "relationships": [],
    "fields": [
        {
            "fieldName": "nombre",
            "fieldType": "String",
            "fieldValidateRules": [
                "required"
            ]
        },
        {
            "fieldName": "descripcion",
            "fieldType": "String"
        }
    ],
    "changelogDate": "20200423222259",
    "dto": "no",
    "searchEngine": false,
    "service": "no",
    "entityTableName": "grado_instruccion",
    "databaseType": "sql",
    "jpaMetamodelFiltering": false,
    "pagination": "pagination"
}
