{
    "fluentMethods": true,
    "clientRootFolder": "",
    "relationships": [
        {
            "relationshipName": "paciente",
            "otherEntityName": "user",
            "relationshipType": "many-to-one",
            "relationshipValidateRules": [
                "required"
            ],
            "otherEntityField": "login",
            "ownerSide": true,
            "otherEntityRelationshipName": "historiaMedicaNino",
            "otherEntityRelationshipNameUndefined": false
        }
    ],
    "fields": [
        {
            "fieldName": "primerNombre",
            "fieldType": "String"
        },
        {
            "fieldName": "primerApellido",
            "fieldType": "String"
        },
        {
            "fieldName": "email",
            "fieldType": "String"
        },
        {
            "fieldName": "cedula",
            "fieldType": "String"
        },
        {
            "fieldName": "abuelosViven",
            "fieldType": "Boolean"
        },
        {
            "fieldName": "edadAbuelos",
            "fieldType": "String"
        },
        {
            "fieldName": "numeroAbuelos",
            "fieldType": "String"
        },
        {
            "fieldName": "enfermedadAbuelos",
            "fieldType": "String"
        },
        {
            "fieldName": "tiosViven",
            "fieldType": "Boolean"
        },
        {
            "fieldName": "edadTios",
            "fieldType": "String"
        },
        {
            "fieldName": "numeroTios",
            "fieldType": "String"
        },
        {
            "fieldName": "enfermedadTios",
            "fieldType": "String"
        },
        {
            "fieldName": "padreVive",
            "fieldType": "Boolean"
        },
        {
            "fieldName": "edadPadre",
            "fieldType": "String"
        },
        {
            "fieldName": "numeroPadre",
            "fieldType": "String"
        },
        {
            "fieldName": "enfermedadPadre",
            "fieldType": "String"
        },
        {
            "fieldName": "madreVive",
            "fieldType": "Boolean"
        },
        {
            "fieldName": "edadMadre",
            "fieldType": "String"
        },
        {
            "fieldName": "numeroMadre",
            "fieldType": "String"
        },
        {
            "fieldName": "enfermedadMadre",
            "fieldType": "String"
        },
        {
            "fieldName": "hermanosViven",
            "fieldType": "Boolean"
        },
        {
            "fieldName": "edadHermanos",
            "fieldType": "String"
        },
        {
            "fieldName": "numeroHermanos",
            "fieldType": "String"
        },
        {
            "fieldName": "enfermedadHermanos",
            "fieldType": "String"
        },
        {
            "fieldName": "esposoVive",
            "fieldType": "Boolean"
        },
        {
            "fieldName": "edadEsposo",
            "fieldType": "String"
        },
        {
            "fieldName": "numeroEsposo",
            "fieldType": "String"
        },
        {
            "fieldName": "enfermedadEsposo",
            "fieldType": "String"
        },
        {
            "fieldName": "sarampion",
            "fieldType": "Boolean"
        },
        {
            "fieldName": "renales",
            "fieldType": "Boolean"
        },
        {
            "fieldName": "vertigos",
            "fieldType": "Boolean"
        },
        {
            "fieldName": "cardiacos",
            "fieldType": "Boolean"
        },
        {
            "fieldName": "dolorDeCabeza",
            "fieldType": "Boolean"
        },
        {
            "fieldName": "lechina",
            "fieldType": "Boolean"
        },
        {
            "fieldName": "alergias",
            "fieldType": "Boolean"
        },
        {
            "fieldName": "diarreas",
            "fieldType": "Boolean"
        },
        {
            "fieldName": "varices",
            "fieldType": "Boolean"
        },
        {
            "fieldName": "hipertensionArterial",
            "fieldType": "Boolean"
        },
        {
            "fieldName": "rubeola",
            "fieldType": "Boolean"
        },
        {
            "fieldName": "neurologicos",
            "fieldType": "Boolean"
        },
        {
            "fieldName": "otorrinolaringologos",
            "fieldType": "Boolean"
        },
        {
            "fieldName": "catarros",
            "fieldType": "Boolean"
        },
        {
            "fieldName": "enfermedadMental",
            "fieldType": "Boolean"
        },
        {
            "fieldName": "parotiditis",
            "fieldType": "Boolean"
        },
        {
            "fieldName": "sobrepeso",
            "fieldType": "Boolean"
        },
        {
            "fieldName": "reumaticos",
            "fieldType": "Boolean"
        },
        {
            "fieldName": "infecciones",
            "fieldType": "Boolean"
        },
        {
            "fieldName": "intervencionQuirurgica",
            "fieldType": "Boolean"
        },
        {
            "fieldName": "parasitosis",
            "fieldType": "Boolean"
        },
        {
            "fieldName": "epilepsia",
            "fieldType": "Boolean"
        },
        {
            "fieldName": "dermatologicos",
            "fieldType": "Boolean"
        },
        {
            "fieldName": "pulmonares",
            "fieldType": "Boolean"
        },
        {
            "fieldName": "trastornosDelAprendizaje",
            "fieldType": "Boolean"
        },
        {
            "fieldName": "tiroides",
            "fieldType": "Boolean"
        },
        {
            "fieldName": "asma",
            "fieldType": "Boolean"
        },
        {
            "fieldName": "dolorDeColumna",
            "fieldType": "Boolean"
        },
        {
            "fieldName": "tuberculosis",
            "fieldType": "Boolean"
        },
        {
            "fieldName": "traumatismosCraneoencefalicos",
            "fieldType": "Boolean"
        },
        {
            "fieldName": "mareos",
            "fieldType": "Boolean"
        },
        {
            "fieldName": "desmayos",
            "fieldType": "Boolean"
        },
        {
            "fieldName": "muscularOFractura",
            "fieldType": "Boolean"
        },
        {
            "fieldName": "intestinales",
            "fieldType": "Boolean"
        },
        {
            "fieldName": "enfermedadDeTransmisionSexual",
            "fieldType": "Boolean"
        },
        {
            "fieldName": "estomacales",
            "fieldType": "Boolean"
        },
        {
            "fieldName": "higado",
            "fieldType": "Boolean"
        },
        {
            "fieldName": "colesterolTrigliceridos",
            "fieldType": "Boolean"
        },
        {
            "fieldName": "enfermedadYAnoDelDiagnostico1",
            "fieldType": "String"
        },
        {
            "fieldName": "tratamientoIndicadoOIntervencionQuirurgica1",
            "fieldType": "String"
        },
        {
            "fieldName": "enfermedadYAnoDelDiagnostico2",
            "fieldType": "String"
        },
        {
            "fieldName": "tratamientoIndicadoOIntervencionQuirurgica2",
            "fieldType": "String"
        },
        {
            "fieldName": "enfermedadYAnoDelDiagnostico3",
            "fieldType": "String"
        },
        {
            "fieldName": "tratamientoIndicadoOIntervencionQuirurgica3",
            "fieldType": "String"
        },
        {
            "fieldName": "medicamento1",
            "fieldType": "String"
        },
        {
            "fieldName": "dosisDiaria1",
            "fieldType": "String"
        },
        {
            "fieldName": "medicamento2",
            "fieldType": "String"
        },
        {
            "fieldName": "dosisDiaria2",
            "fieldType": "String"
        },
        {
            "fieldName": "medicamento3",
            "fieldType": "String"
        },
        {
            "fieldName": "dosisDiaria3",
            "fieldType": "String"
        },
        {
            "fieldName": "notas",
            "fieldType": "String"
        }
    ],
    "changelogDate": "20200424063406",
    "dto": "no",
    "searchEngine": false,
    "service": "no",
    "entityTableName": "historia_medica_nino",
    "databaseType": "sql",
    "jpaMetamodelFiltering": false,
    "pagination": "pagination"
}
