{
    "fluentMethods": true,
    "clientRootFolder": "",
    "relationships": [
        {
            "relationshipName": "sexo",
            "otherEntityName": "sexo",
            "relationshipType": "many-to-one",
            "otherEntityField": "nombre",
            "otherEntityRelationshipNameUndefined": false,
            "otherEntityRelationshipName": "historiaPersonalNino"
        },
        {
            "relationshipName": "referidoPor",
            "otherEntityName": "referenciaMedica",
            "relationshipType": "many-to-one",
            "otherEntityField": "nombre",
            "otherEntityRelationshipNameUndefined": false,
            "otherEntityRelationshipName": "historiaPersonalNino"
        },
        {
            "relationshipName": "estadoCivil",
            "otherEntityName": "estadoCivil",
            "relationshipType": "many-to-one",
            "otherEntityField": "nombre",
            "otherEntityRelationshipNameUndefined": false,
            "otherEntityRelationshipName": "historiaPersonalNino"
        },
        {
            "relationshipName": "tipoConsulta",
            "otherEntityName": "tipoConsulta",
            "relationshipType": "many-to-one",
            "otherEntityField": "nombre",
            "otherEntityRelationshipNameUndefined": false,
            "otherEntityRelationshipName": "historiaPersonalNino"
        },
        {
            "relationshipName": "especialidad",
            "otherEntityName": "especialidad",
            "relationshipType": "many-to-one",
            "relationshipValidateRules": [],
            "otherEntityField": "especialidad",
            "otherEntityRelationshipNameUndefined": false,
            "otherEntityRelationshipName": "historiaPersonalNino"
        },
        {
            "relationshipName": "gradoInstruccionMadre",
            "otherEntityName": "gradoInstruccion",
            "relationshipType": "many-to-one",
            "otherEntityField": "nombre",
            "otherEntityRelationshipNameUndefined": false,
            "otherEntityRelationshipName": "historiaPersonalNino"
        },
        {
            "relationshipName": "gradoInstruccionPadre",
            "otherEntityName": "gradoInstruccion",
            "relationshipType": "many-to-one",
            "otherEntityField": "nombre",
            "otherEntityRelationshipName": "historiaPersonalNino",
            "otherEntityRelationshipNameUndefined": false
        },
        {
            "relationshipName": "gradoInstruccionOtro",
            "otherEntityName": "gradoInstruccion",
            "relationshipType": "many-to-one",
            "otherEntityField": "nombre",
            "otherEntityRelationshipName": "historiaPersonalNino",
            "otherEntityRelationshipNameUndefined": false
        },
        {
            "relationshipName": "paciente",
            "otherEntityName": "user",
            "relationshipType": "many-to-one",
            "relationshipValidateRules": [
                "required"
            ],
            "otherEntityField": "login",
            "ownerSide": true,
            "otherEntityRelationshipName": "historiaPersonalNino",
            "otherEntityRelationshipNameUndefined": false
        }
    ],
    "fields": [
        {
            "fieldName": "primerNombre",
            "fieldType": "String"
        },
        {
            "fieldName": "segundoNombre",
            "fieldType": "String"
        },
        {
            "fieldName": "primerApellido",
            "fieldType": "String"
        },
        {
            "fieldName": "segundoApellido",
            "fieldType": "String"
        },
        {
            "fieldName": "edad",
            "fieldType": "Integer"
        },
        {
            "fieldName": "lugarNacimiento",
            "fieldType": "String"
        },
        {
            "fieldName": "fechaNacimiento",
            "fieldType": "LocalDate"
        },
        {
            "fieldName": "cedula",
            "fieldType": "String"
        },
        {
            "fieldName": "nacionalidad",
            "fieldType": "String"
        },
        {
            "fieldName": "profesion",
            "fieldType": "String"
        },
        {
            "fieldName": "ocupacionActual",
            "fieldType": "String"
        },
        {
            "fieldName": "religion",
            "fieldType": "String",
            "fieldValidateRules": []
        },
        {
            "fieldName": "direccionHabitacion",
            "fieldType": "String"
        },
        {
            "fieldName": "ciudad",
            "fieldType": "String"
        },
        {
            "fieldName": "estado",
            "fieldType": "String"
        },
        {
            "fieldName": "pais",
            "fieldType": "String"
        },
        {
            "fieldName": "telefonoFijo",
            "fieldType": "String"
        },
        {
            "fieldName": "telefonoCelular",
            "fieldType": "String"
        },
        {
            "fieldName": "email",
            "fieldType": "String"
        },
        {
            "fieldName": "familiarMedico",
            "fieldType": "Boolean"
        },
        {
            "fieldName": "carnetFamiliarMedico",
            "fieldType": "String"
        },
        {
            "fieldName": "especialidadFamiliarMedico",
            "fieldType": "String"
        },
        {
            "fieldName": "lugarTrabajoFamiliarMedico",
            "fieldType": "String"
        },
        {
            "fieldName": "appellidosNombresRepresentante",
            "fieldType": "String"
        },
        {
            "fieldName": "lugarFechaNacimientoRepresentante",
            "fieldType": "String"
        },
        {
            "fieldName": "cedulaRepresentante",
            "fieldType": "String"
        },
        {
            "fieldName": "edadRepresentante",
            "fieldType": "Integer"
        },
        {
            "fieldName": "telefonoCelularRepresentante",
            "fieldType": "String"
        },
        {
            "fieldName": "telefonoHabitacionRepresentante",
            "fieldType": "String"
        },
        {
            "fieldName": "quienTraeNinoConsulta",
            "fieldType": "String"
        },
        {
            "fieldName": "cantidadHermanos",
            "fieldType": "Integer"
        },
        {
            "fieldName": "posicionHermano",
            "fieldType": "Integer"
        },
        {
            "fieldName": "relacionMadre",
            "fieldType": "String"
        },
        {
            "fieldName": "relacionPadre",
            "fieldType": "String"
        },
        {
            "fieldName": "relacionHermanos",
            "fieldType": "String"
        },
        {
            "fieldName": "relacionOtros",
            "fieldType": "String"
        },
        {
            "fieldName": "gradoAfectividadNino",
            "fieldType": "String"
        },
        {
            "fieldName": "caracterNino",
            "fieldType": "String"
        },
        {
            "fieldName": "quienCuidaNinoPadresTrabajan",
            "fieldType": "String"
        }
    ],
    "changelogDate": "20200423224724",
    "dto": "no",
    "searchEngine": false,
    "service": "no",
    "entityTableName": "historia_personal_nino",
    "databaseType": "sql",
    "jpaMetamodelFiltering": false,
    "pagination": "pagination"
}
