{
    "fluentMethods": true,
    "clientRootFolder": "",
    "relationships": [
        {
            "relationshipName": "sexo",
            "otherEntityName": "sexo",
            "relationshipType": "many-to-one",
            "otherEntityField": "nombre",
            "otherEntityRelationshipNameUndefined": false,
            "otherEntityRelationshipName": "historiaPersonalAdulto"
        },
        {
            "relationshipName": "referidoPor",
            "otherEntityName": "referenciaMedica",
            "relationshipType": "many-to-one",
            "otherEntityField": "nombre",
            "otherEntityRelationshipNameUndefined": false,
            "otherEntityRelationshipName": "historiaPersonalAdulto"
        },
        {
            "relationshipName": "estadoCivil",
            "otherEntityName": "estadoCivil",
            "relationshipType": "many-to-one",
            "otherEntityField": "nombre",
            "otherEntityRelationshipNameUndefined": false,
            "otherEntityRelationshipName": "historiaPersonalAdulto"
        },
        {
            "relationshipName": "tipoConsulta",
            "otherEntityName": "tipoConsulta",
            "relationshipType": "many-to-one",
            "otherEntityField": "nombre",
            "otherEntityRelationshipNameUndefined": false,
            "otherEntityRelationshipName": "historiaPersonalAdulto"
        },
        {
            "relationshipName": "especialidad",
            "otherEntityName": "especialidad",
            "relationshipType": "many-to-one",
            "otherEntityField": "especialidad",
            "otherEntityRelationshipNameUndefined": false,
            "otherEntityRelationshipName": "historiaPersonalAdulto"
        },
        {
            "relationshipName": "paciente",
            "otherEntityName": "user",
            "relationshipType": "many-to-one",
            "relationshipValidateRules": [
                "required"
            ],
            "otherEntityField": "login",
            "ownerSide": true,
            "otherEntityRelationshipName": "historiaPersonalAdulto",
            "otherEntityRelationshipNameUndefined": false
        }
    ],
    "fields": [
        {
            "fieldName": "primerNombre",
            "fieldType": "String"
        },
        {
            "fieldName": "segundoNombre",
            "fieldType": "String"
        },
        {
            "fieldName": "primerApellido",
            "fieldType": "String"
        },
        {
            "fieldName": "segundoApellido",
            "fieldType": "String"
        },
        {
            "fieldName": "edad",
            "fieldType": "Integer"
        },
        {
            "fieldName": "lugarNacimiento",
            "fieldType": "String"
        },
        {
            "fieldName": "fechaNacimiento",
            "fieldType": "LocalDate"
        },
        {
            "fieldName": "cedula",
            "fieldType": "String"
        },
        {
            "fieldName": "nacionalidad",
            "fieldType": "String"
        },
        {
            "fieldName": "profesion",
            "fieldType": "String"
        },
        {
            "fieldName": "ocupacionActual",
            "fieldType": "String"
        },
        {
            "fieldName": "religion",
            "fieldType": "String"
        },
        {
            "fieldName": "direccionHabitacion",
            "fieldType": "String"
        },
        {
            "fieldName": "ciudad",
            "fieldType": "String"
        },
        {
            "fieldName": "estado",
            "fieldType": "String"
        },
        {
            "fieldName": "pais",
            "fieldType": "String"
        },
        {
            "fieldName": "telefonoFijo",
            "fieldType": "String"
        },
        {
            "fieldName": "telefonoCelular",
            "fieldType": "String"
        },
        {
            "fieldName": "email",
            "fieldType": "String"
        },
        {
            "fieldName": "direccionTrabajo",
            "fieldType": "String"
        },
        {
            "fieldName": "telefonoTrabajo",
            "fieldType": "String"
        },
        {
            "fieldName": "faxTrabajo",
            "fieldType": "String"
        },
        {
            "fieldName": "familiarMedico",
            "fieldType": "Boolean"
        },
        {
            "fieldName": "carnetFamiliarMedico",
            "fieldType": "String"
        },
        {
            "fieldName": "especialidadFamiliarMedico",
            "fieldType": "String"
        },
        {
            "fieldName": "lugarTrabajoFamiliarMedico",
            "fieldType": "String"
        },
        {
            "fieldName": "notas",
            "fieldType": "String"
        }
    ],
    "changelogDate": "20200423214103",
    "dto": "no",
    "searchEngine": false,
    "service": "no",
    "entityTableName": "historia_personal_adulto",
    "databaseType": "sql",
    "jpaMetamodelFiltering": false,
    "pagination": "pagination"
}
