{
    "fluentMethods": true,
    "clientRootFolder": "",
    "relationships": [
        {
            "relationshipName": "diaSemana",
            "otherEntityName": "diaSemana",
            "relationshipType": "many-to-one",
            "relationshipValidateRules": [
                "required"
            ],
            "otherEntityField": "nombre"
        },
        {
            "relationshipName": "especialidadMedico",
            "otherEntityName": "especialidadMedico",
            "relationshipType": "many-to-one",
            "relationshipValidateRules": [
                "required"
            ],
            "otherEntityField": "id"
        }
    ],
    "fields": [],
    "changelogDate": "20190508150009",
    "dto": "no",
    "searchEngine": "elasticsearch",
    "service": "no",
    "entityTableName": "horario_disponibilidad",
    "databaseType": "sql",
    "jpaMetamodelFiltering": false,
    "pagination": "pagination"
}
