{
    "fluentMethods": true,
    "clientRootFolder": "",
    "relationships": [
        {
            "relationshipName": "cita",
            "otherEntityName": "cita",
            "relationshipType": "many-to-one",
            "relationshipValidateRules": [
                "required"
            ],
            "otherEntityField": "id"
        },
        {
            "relationshipName": "estatusPago",
            "otherEntityName": "estatusPago",
            "relationshipType": "many-to-one",
            "relationshipValidateRules": [
                "required"
            ],
            "otherEntityField": "nombre"
        },
        {
            "relationshipName": "tipoPago",
            "otherEntityName": "tipoPago",
            "relationshipType": "many-to-one",
            "relationshipValidateRules": [
                "required"
            ],
            "otherEntityField": "nombre"
        }
    ],
    "fields": [
        {
            "fieldName": "monto",
            "fieldType": "BigDecimal",
            "fieldValidateRules": [
                "required"
            ]
        },
        {
            "fieldName": "fechaEmision",
            "fieldType": "Instant",
            "fieldValidateRules": [
                "required"
            ]
        },
        {
            "fieldName": "fechaEstatus",
            "fieldType": "Instant"
        }
    ],
    "changelogDate": "20190508151443",
    "dto": "no",
    "searchEngine": "elasticsearch",
    "service": "no",
    "entityTableName": "pago",
    "databaseType": "sql",
    "jpaMetamodelFiltering": false,
    "pagination": "pagination"
}
