{
    "fluentMethods": true,
    "clientRootFolder": "",
    "relationships": [
        {
            "relationshipName": "user",
            "otherEntityName": "user",
            "relationshipType": "many-to-one",
            "otherEntityField": "login",
            "ownerSide": true,
            "otherEntityRelationshipName": "perfil",
            "otherEntityRelationshipNameUndefined": false
        }
    ],
    "fields": [
        {
            "fieldName": "foto",
            "fieldType": "byte[]",
            "fieldTypeBlobContent": "image"
        },
        {
            "fieldName": "descripcion",
            "fieldType": "String"
        },
        {
            "fieldName": "sello",
            "fieldType": "byte[]",
            "fieldTypeBlobContent": "image"
        },
        {
            "fieldName": "profesion",
            "fieldType": "String"
        },
        {
            "fieldName": "email",
            "fieldType": "String"
        },
        {
            "fieldName": "telefono",
            "fieldType": "String"
        },
        {
            "fieldName": "direccion",
            "fieldType": "String"
        },
        {
            "fieldName": "experiencia",
            "fieldType": "String"
        },
        {
            "fieldName": "reconocimientos",
            "fieldType": "String"
        },
        {
            "fieldName": "actividadProfesionalActual",
            "fieldType": "String"
        },
        {
            "fieldName": "colegiaturasAsociaciones",
            "fieldType": "String"
        },
        {
            "fieldName": "areasDeInteres",
            "fieldType": "String"
        },
        {
            "fieldName": "rif",
            "fieldType": "String"
        },
        {
            "fieldName": "institucion",
            "fieldType": "String"
        },
        {
            "fieldName": "logoInstitucion",
            "fieldType": "byte[]",
            "fieldTypeBlobContent": "image"
        },
        {
            "fieldName": "otrasInstituciones",
            "fieldType": "String"
        },
        {
            "fieldName": "titulo",
            "fieldType": "String"
        }
    ],
    "changelogDate": "20210314161734",
    "dto": "no",
    "searchEngine": false,
    "service": "no",
    "entityTableName": "perfil",
    "databaseType": "sql",
    "jpaMetamodelFiltering": false,
    "pagination": "pagination"
}
