{
    "fluentMethods": true,
    "clientRootFolder": "",
    "relationships": [],
    "fields": [
        {
            "fieldName": "nombre",
            "fieldType": "String"
        },
        {
            "fieldName": "contenido",
            "fieldType": "String"
        },
        {
            "fieldName": "activo",
            "fieldType": "Boolean"
        }
    ],
    "changelogDate": "20200424105530",
    "dto": "no",
    "searchEngine": false,
    "service": "no",
    "entityTableName": "plantilla_historia_medica_nino",
    "databaseType": "sql",
    "jpaMetamodelFiltering": false,
    "pagination": "pagination"
}
