{
    "fluentMethods": true,
    "clientRootFolder": "",
    "relationships": [
        {
            "relationshipName": "especialidad",
            "otherEntityName": "especialidad",
            "relationshipType": "many-to-one",
            "relationshipValidateRules": [
                "required"
            ],
            "otherEntityField": "especialidad"
        }
    ],
    "fields": [
        {
            "fieldName": "nombre",
            "fieldType": "String"
        },
        {
            "fieldName": "texto",
            "fieldType": "String",
            "fieldValidateRules": [
                "required"
            ]
        }
    ],
    "changelogDate": "20200723135154",
    "dto": "no",
    "searchEngine": false,
    "service": "no",
    "entityTableName": "plantilla_informe",
    "databaseType": "sql",
    "jpaMetamodelFiltering": false,
    "pagination": "pagination"
}
