{
    "fluentMethods": true,
    "clientRootFolder": "",
    "relationships": [
        {
            "relationshipName": "medico",
            "otherEntityName": "user",
            "relationshipType": "many-to-one",
            "relationshipValidateRules": [
                "required"
            ],
            "otherEntityField": "login",
            "ownerSide": true,
            "otherEntityRelationshipName": "plantillaRecipe"
        }
    ],
    "fields": [
        {
            "fieldName": "nombre",
            "fieldType": "String"
        },
        {
            "fieldName": "texto",
            "fieldType": "String",
            "fieldValidateRules": [
                "required"
            ]
        }
    ],
    "changelogDate": "20200723135339",
    "dto": "no",
    "searchEngine": false,
    "service": "no",
    "entityTableName": "plantilla_recipe",
    "databaseType": "sql",
    "jpaMetamodelFiltering": false,
    "pagination": "pagination"
}
