{
    "fluentMethods": true,
    "clientRootFolder": "",
    "relationships": [
        {
            "relationshipName": "horarioDisponibilidad",
            "otherEntityName": "horarioDisponibilidad",
            "relationshipType": "many-to-one",
            "relationshipValidateRules": [
                "required"
            ],
            "otherEntityField": "diaSemana",
            "otherEntityRelationshipName": "rangoHoras",
            "otherEntityRelationshipNameUndefined": true
        }
    ],
    "fields": [
        {
            "fieldName": "horaInicio",
            "fieldType": "Integer",
            "fieldValidateRules": [
                "required"
            ]
        },
        {
            "fieldName": "minutoInicio",
            "fieldType": "Integer",
            "fieldValidateRules": [
                "required"
            ]
        },
        {
            "fieldName": "horaFin",
            "fieldType": "Integer",
            "fieldValidateRules": [
                "required"
            ]
        },
        {
            "fieldName": "minutoFin",
            "fieldType": "Integer",
            "fieldValidateRules": [
                "required"
            ]
        }
    ],
    "changelogDate": "20190508150150",
    "dto": "no",
    "searchEngine": "elasticsearch",
    "service": "no",
    "entityTableName": "rango_horas",
    "databaseType": "sql",
    "jpaMetamodelFiltering": false,
    "pagination": "pagination"
}
