<?xml version="1.0" encoding="utf-8"?>
<databaseChangeLog
    xmlns="http://www.liquibase.org/xml/ns/dbchangelog"
    xmlns:ext="http://www.liquibase.org/xml/ns/dbchangelog-ext"
    xmlns:xsi="http://www.w3.org/2001/XMLSchema-instance"
    xsi:schemaLocation="http://www.liquibase.org/xml/ns/dbchangelog http://www.liquibase.org/xml/ns/dbchangelog/dbchangelog-3.5.xsd
                        http://www.liquibase.org/xml/ns/dbchangelog-ext http://www.liquibase.org/xml/ns/dbchangelog/dbchangelog-ext.xsd">

    <property name="now" value="now()" dbms="h2"/>

    <property name="now" value="current_timestamp" dbms="postgresql"/>

    <property name="floatType" value="float4" dbms="postgresql, h2"/>
    <property name="floatType" value="float" dbms="mysql, oracle, mssql"/>

    <!--
        Added the entity Cita.
    -->
    <changeSet id="20190508150838-1" author="jhipster">
        <createTable tableName="cita">
            <column name="id" type="bigint" autoIncrement="${autoIncrement}">
                <constraints primaryKey="true" nullable="false"/>
            </column>
            <column name="fecha" type="datetime">
                <constraints nullable="true" />
            </column>

            <column name="notas" type="text">
                <constraints nullable="true" />
            </column>

            <column name="paciente_nino" type="boolean">
                <constraints nullable="true" />
            </column>

            <column name="consulta_online" type="boolean">
                <constraints nullable="true" />
            </column>

            <column name="paciente_id" type="bigint">
                <constraints nullable="false" />
            </column>

            <column name="especialidad_medico_id" type="bigint">
                <constraints nullable="true" />
            </column>

            <column name="especialidad_id" type="bigint">
                <constraints nullable="false" />
            </column>

            <column name="tipo_consulta_id" type="bigint">
                <constraints nullable="false" />
            </column>

            <column name="estatus_cita_id" type="bigint">
                <constraints nullable="true" />
            </column>

            <!-- jhipster-needle-liquibase-add-column - JHipster will add columns here, do not remove-->
        </createTable>
        <dropDefaultValue tableName="cita" columnName="fecha" columnDataType="datetime"/>

    </changeSet>
    <!-- jhipster-needle-liquibase-add-changeset - JHipster will add changesets here, do not remove-->
</databaseChangeLog>
