<?xml version="1.0" encoding="utf-8"?>
<databaseChangeLog
    xmlns="http://www.liquibase.org/xml/ns/dbchangelog"
    xmlns:xsi="http://www.w3.org/2001/XMLSchema-instance"
    xsi:schemaLocation="http://www.liquibase.org/xml/ns/dbchangelog http://www.liquibase.org/xml/ns/dbchangelog/dbchangelog-3.5.xsd">
    <!--
        Added the constraints for entity HistoriaPersonalNino.
    -->
    <changeSet id="20200423224724-2" author="jhipster">
        
        <addForeignKeyConstraint baseColumnNames="sexo_id"
                                 baseTableName="historia_personal_nino"
                                 constraintName="fk_historia_personal_nino_sexo_id"
                                 referencedColumnNames="id"
                                 referencedTableName="sexo"/>

        <addForeignKeyConstraint baseColumnNames="referido_por_id"
                                 baseTableName="historia_personal_nino"
                                 constraintName="fk_historia_personal_nino_referido_por_id"
                                 referencedColumnNames="id"
                                 referencedTableName="referencia_medica"/>

        <addForeignKeyConstraint baseColumnNames="estado_civil_id"
                                 baseTableName="historia_personal_nino"
                                 constraintName="fk_historia_personal_nino_estado_civil_id"
                                 referencedColumnNames="id"
                                 referencedTableName="estado_civil"/>

        <addForeignKeyConstraint baseColumnNames="tipo_consulta_id"
                                 baseTableName="historia_personal_nino"
                                 constraintName="fk_historia_personal_nino_tipo_consulta_id"
                                 referencedColumnNames="id"
                                 referencedTableName="tipo_consulta"/>

        <addForeignKeyConstraint baseColumnNames="especialidad_id"
                                 baseTableName="historia_personal_nino"
                                 constraintName="fk_historia_personal_nino_especialidad_id"
                                 referencedColumnNames="id"
                                 referencedTableName="especialidad"/>

        <addForeignKeyConstraint baseColumnNames="grado_instruccion_madre_id"
                                 baseTableName="historia_personal_nino"
                                 constraintName="fk_historia_personal_nino_grado_instruccion_madre_id"
                                 referencedColumnNames="id"
                                 referencedTableName="grado_instruccion"/>

        <addForeignKeyConstraint baseColumnNames="grado_instruccion_padre_id"
                                 baseTableName="historia_personal_nino"
                                 constraintName="fk_historia_personal_nino_grado_instruccion_padre_id"
                                 referencedColumnNames="id"
                                 referencedTableName="grado_instruccion"/>

        <addForeignKeyConstraint baseColumnNames="grado_instruccion_otro_id"
                                 baseTableName="historia_personal_nino"
                                 constraintName="fk_historia_personal_nino_grado_instruccion_otro_id"
                                 referencedColumnNames="id"
                                 referencedTableName="grado_instruccion"/>

        <addForeignKeyConstraint baseColumnNames="paciente_id"
                                 baseTableName="historia_personal_nino"
                                 constraintName="fk_historia_personal_nino_paciente_id"
                                 referencedColumnNames="id"
                                 referencedTableName="jhi_user"/>

    </changeSet>
</databaseChangeLog>
