<?xml version="1.0" encoding="utf-8"?>
<databaseChangeLog
    xmlns="http://www.liquibase.org/xml/ns/dbchangelog"
    xmlns:ext="http://www.liquibase.org/xml/ns/dbchangelog-ext"
    xmlns:xsi="http://www.w3.org/2001/XMLSchema-instance"
    xsi:schemaLocation="http://www.liquibase.org/xml/ns/dbchangelog http://www.liquibase.org/xml/ns/dbchangelog/dbchangelog-3.5.xsd
                        http://www.liquibase.org/xml/ns/dbchangelog-ext http://www.liquibase.org/xml/ns/dbchangelog/dbchangelog-ext.xsd">

    <property name="now" value="now()" dbms="h2"/>

    <property name="now" value="current_timestamp" dbms="postgresql"/>

    <property name="floatType" value="float4" dbms="postgresql, h2"/>
    <property name="floatType" value="float" dbms="mysql, oracle, mssql"/>

    <!--
        Added the entity Perfil.
    -->
    <changeSet id="20210314161734-1" author="jhipster">
        <createTable tableName="perfil">
            <column name="id" type="bigint" autoIncrement="${autoIncrement}">
                <constraints primaryKey="true" nullable="false"/>
            </column>
            <column name="foto" type="longblob">
                <constraints nullable="true" />
            </column>
            <column name="foto_content_type" type="varchar(255)">
                <constraints nullable="true" />
            </column>

            <column name="descripcion" type="varchar(255)">
                <constraints nullable="true" />
            </column>

            <column name="sello" type="longblob">
                <constraints nullable="true" />
            </column>
            <column name="sello_content_type" type="varchar(255)">
                <constraints nullable="true" />
            </column>

            <column name="titulo_abreviado" type="varchar(255)">
                <constraints nullable="true" />
            </column>

            <column name="nombre" type="varchar(255)">
                <constraints nullable="true" />
            </column>

            <column name="apellido" type="varchar(255)">
                <constraints nullable="true" />
            </column>

            <column name="profesion" type="varchar(255)">
                <constraints nullable="true" />
            </column>

            <column name="email" type="varchar(255)">
                <constraints nullable="true" />
            </column>

            <column name="telefono" type="varchar(255)">
                <constraints nullable="true" />
            </column>

            <column name="direccion" type="varchar(255)">
                <constraints nullable="true" />
            </column>

            <column name="experiencia" type="varchar(255)">
                <constraints nullable="true" />
            </column>

            <column name="reconocimientos" type="varchar(255)">
                <constraints nullable="true" />
            </column>

            <column name="actividad_profesional_actual" type="varchar(255)">
                <constraints nullable="true" />
            </column>

            <column name="colegiaturas_asociaciones" type="varchar(255)">
                <constraints nullable="true" />
            </column>

            <column name="areas_de_interes" type="varchar(255)">
                <constraints nullable="true" />
            </column>

            <column name="rif" type="varchar(255)">
                <constraints nullable="true" />
            </column>

            <column name="institucion" type="varchar(255)">
                <constraints nullable="true" />
            </column>

            <column name="logo_institucion" type="longblob">
                <constraints nullable="true" />
            </column>
            <column name="logo_institucion_content_type" type="varchar(255)">
                <constraints nullable="true" />
            </column>

            <column name="otras_instituciones" type="varchar(255)">
                <constraints nullable="true" />
            </column>

            <column name="titulo" type="varchar(255)">
                <constraints nullable="true" />
            </column>

            <column name="user_id" type="bigint">
                <constraints nullable="true" />
            </column>

            <!-- jhipster-needle-liquibase-add-column - JHipster will add columns here, do not remove-->
        </createTable>

    </changeSet>
    <!-- jhipster-needle-liquibase-add-changeset - JHipster will add changesets here, do not remove-->
</databaseChangeLog>
