{
  "generator-jhipster": {
    "promptValues": {
      "packageName": "com.guaire.innapcitas",
      "nativeLanguage": "es"
    },
    "jhipsterVersion": "5.8.1",
    "applicationType": "monolith",
    "baseName": "innapcitas",
    "packageName": "com.guaire.innapcitas",
    "packageFolder": "com/guaire/innapcitas",
    "serverPort": "8080",
    "authenticationType": "jwt",
    "cacheProvider": "ehcache",
    "enableHibernateCache": true,
    "websocket": "spring-websocket",
    "databaseType": "sql",
    "devDatabaseType": "postgresql",
    "prodDatabaseType": "postgresql",
    "searchEngine": false,
    "messageBroker": false,
    "serviceDiscoveryType": false,
    "buildTool": "maven",
    "enableSwaggerCodegen": false,
    "jwtSecretKey": "ZjA5Y2Q3NDlmMjRlOTQzYzU1NjBiOTNlNzNlNjNiM2I4YTM0ZGEzNGY4YjYzYWJjMWU1ZGZhMzU5NDkyYzMyMzkzMWQ0OGMzMzZmMjlkNzk5ODBlMzgxZTdlNGY4Yjk3YjU5ODM1ZTljMjdkMDMyYTFiZjExMTZhY2EwOTgyMzc=",
    "clientFramework": "angularX",
    "useSass": true,
    "clientPackageManager": "npm",
    "testFrameworks": [],
    "jhiPrefix": "jhi",
    "entitySuffix": "",
    "dtoSuffix": "DTO",
    "otherModules": [],
    "enableTranslation": true,
    "nativeLanguage": "es",
    "languages": [
      "es",
      "en"
    ],
    "herokuAppName": "innapcitas",
    "herokuDeployType": "git"
  }
}